<?xml version="1.0" encoding="UTF-8"?>

<settings xmlns="http://maven.apache.org/SETTINGS/1.0.0"
	xmlns:xsi="http://www.w3.org/2001/XMLSchema-instance"
	xsi:schemaLocation="http://maven.apache.org/SETTINGS/1.0.0 http://maven.apache.org/xsd/settings-1.0.0.xsd">
	<mirrors>
			<mirror>

		<id>corporate</id>

		<mirrorOf>central</mirrorOf>

		<url>http://spobrnxs01-pi:8081/nexus/content/groups/public/</url>

		</mirror>
	</mirrors>
	
	<proxies>
	
	</proxies>
	
	<profiles>
		<profile>
			<id>corporate</id>
			<repositories>
				<repository>
					<id>snapshots</id>
					<name>Project server Snapshots</name>
					<url>C:\Users\smj2081\.m2\repository\</url>
					<releases>
						<enabled>false</enabled>
					</releases>
					<snapshots>
						<enabled>true</enabled>
						<updatePolicy>always</updatePolicy>
					</snapshots>
				</repository>
				<repository>
					<id>releases</id>
					<name>Project server Releases</name>
					<url>C:\Users\smj2081\.m2\repository\</url>
					<releases>
						<enabled>true</enabled>
						<updatePolicy>always</updatePolicy>
					</releases>
					<snapshots>
						<enabled>false</enabled>
					</snapshots>
				</repository>
			</repositories>
			
		</profile>		
	</profiles>

	<activeProfiles>
		<activeProfile>corporate</activeProfile>
		
	</activeProfiles>

</settings>
          
