<?xml version="1.0" encoding="UTF-8"?>

<settings xmlns="http://maven.apache.org/SETTINGS/1.0.0"
	xmlns:xsi="http://www.w3.org/2001/XMLSchema-instance"
	xsi:schemaLocation="http://maven.apache.org/SETTINGS/1.0.0 http://maven.apache.org/xsd/settings-1.0.0.xsd">

	<mirrors>
		<mirror>
			<id>corporate</id>
			<mirrorOf>*</mirrorOf>
			<url>http://10.96.170.134:8081/nexus/content/groups/public</url>
		</mirror>
	</mirrors>

	<!--profiles>
		<profile>
			<id>corporate</id>

			<properties>
				<sonar.host.url>http://10.96.170.134:9000</sonar.host.url>
				<sonar.jdbc.driver>com.microsoft.sqlserver.jdbc.SQLServerDriver</sonar.jdbc.driver>
				<sonar.jdbc.validationQuery>select 1</sonar.jdbc.validationQuery>
				<sonar.jdbc.url>jdbc:sqlserver://dbdesenv:1433;DatabaseName=SONAR;selectMethod=cursor;</sonar.jdbc.url>
				<sonar.jdbc.user>udbsonar</sonar.jdbc.user>
				<sonar.jdbc.password>sonar</sonar.jdbc.password>
			</properties>


			<repositories>
				<repository>
					<id>snapshots</id>
					<name>Project server Snapshots</name>
					<url>http://10.96.170.134:8081/nexus/content/repositories/snapshots</url>
					<releases>
						<enabled>false</enabled>
					</releases>
					<snapshots>
						<enabled>true</enabled>
						<checksumPolicy>fail</checksumPolicy>
						<updatePolicy>always</updatePolicy>
					</snapshots>
				</repository>
				<repository>
					<id>releases</id>
					<name>Project server Releases</name>
					<url>http://10.96.170.134:8081/nexus/content/repositories/releases</url>
					<releases>
						<enabled>true</enabled>
						<checksumPolicy>fail</checksumPolicy>
						<updatePolicy>always</updatePolicy>
					</releases>
					<snapshots>
						<enabled>false</enabled>
					</snapshots>
				</repository>
			</repositories>
		</profile>

	</profiles -->
	
	
	<profiles>
		<profile>
			<id>corporate</id>
			<properties>
				<sonar.host.url>http://10.96.157.49:8080/sonar</sonar.host.url>
				<sonar.jdbc.user>sonar</sonar.jdbc.user>
				<sonar.jdbc.password>sonar</sonar.jdbc.password>
				<sonar.jdbc.url>jdbc:mysql://10.96.157.49:3306/sonar?useUnicode=true&amp;characterEncoding=utf8</sonar.jdbc.url>
                <sonar.jdbc.driverClassName>com.mysql.jdbc.Driver</sonar.jdbc.driverClassName>
                <sonar.jdbc.username>sonar</sonar.jdbc.username>
                <sonar.jdbc.password>sonar</sonar.jdbc.password>
			</properties>
		</profile>
		<profile>
			<id>sonarrapido</id>
			<properties>
				<sonar.host.url>http://10.96.170.134:9000</sonar.host.url>
				<sonar.jdbc.driver>org.apache.derby.jdbc.ClientDriver</sonar.jdbc.driver>
				<sonar.jdbc.defaultTransactionIsolation>1</sonar.jdbc.defaultTransactionIsolation>
				<sonar.jdbc.validationQuery>values(1)</sonar.jdbc.validationQuery>
				<sonar.jdbc.url>jdbc:derby://10.96.170.134:1527/sonar;create=true</sonar.jdbc.url>
				<sonar.jdbc.user>sonar</sonar.jdbc.user>
				<sonar.jdbc.password>sonar</sonar.jdbc.password>
			</properties>
		</profile>	
	</profiles>
	
	<activeProfiles>
		<activeProfile>corporate</activeProfile>
	</activeProfiles>

	<servers>
		<server>
			<id>snapshots</id>
			<username>deployment</username>
			<password>deployment123</password>
		</server>
		<server>
			<id>releases</id>
			<username>deployment</username>
			<password>deployment123</password>
		</server>
		<server>
			<id>thirdparty</id>
			<username>deployment</username>
			<password>deployment123</password>
		</server>
	</servers>

</settings>
